company_name_encoded,salary
1574,15to25
541,15to25
4370,25to50
3931,15to25
4893,15to25
3319,15to25
46,10to15
11,15to25
1682,25to50
2223,0to3
190,15to25
1969,25to50
1087,15to25
964,15to25
3671,15to25
4344,15to25
913,15to25
4843,25to50
69,10to15
1969,10to15
71,25to50
190,10to15
3604,25to50
3910,15to25
512,15to25
2971,15to25
4409,25to50
1222,15to25
2825,15to25
910,10to15
4209,15to25
3319,25to50
5022,15to25
1775,15to25
184,25to50
139,15to25
1161,25to50
3945,0to3
1176,25to50
2756,15to25
1460,15to25
4329,25to50
412,25to50
2841,15to25
5001,15to25
2573,15to25
3931,25to50
3427,25to50
510,25to50
2873,25to50
3715,15to25
2574,25to50
2913,15to25
4043,15to25
4918,15to25
960,15to25
4203,10to15
280,25to50
2222,10to15
3761,25to50
106,25to50
1989,10to15
2403,25to50
2873,25to50
4171,15to25
1002,25to50
768,25to50
4893,15to25
1354,25to50
2802,15to25
3368,25to50
2547,10to15
2215,25to50
314,0to3
1305,25to50
4520,15to25
4893,15to25
2993,25to50
2740,15to25
4363,15to25
1070,10to15
4426,15to25
1268,25to50
2013,15to25
2506,15to25
20,25to50
3973,25to50
1993,15to25
190,15to25
3796,10to15
2100,0to3
85,10to15
16,10to15
2682,15to25
498,15to25
4625,10to15
2147,15to25
2838,25to50
4100,15to25
1969,25to50
4893,15to25
910,10to15
2561,10to15
2998,15to25
1217,15to25
1210,25to50
1030,10to15
190,15to25
4365,25to50
2694,15to25
2046,0to3
4564,25to50
970,15to25
536,15to25
190,15to25
1679,15to25
1807,10to15
2389,25to50
4445,25to50
190,10to15
4556,10to15
749,25to50
4114,25to50
305,25to50
3167,15to25
3190,15to25
3535,15to25
2870,0to3
3563,0to3
4292,15to25
2840,25to50
2889,10to15
191,15to25
1305,15to25
2086,0to3
3810,15to25
2794,25to50
2327,25to50
191,15to25
3347,15to25
1988,15to25
1302,25to50
4347,10to15
417,15to25
1234,15to25
2332,25to50
1993,15to25
4298,25to50
1305,15to25
1782,25to50
4369,15to25
2827,25to50
2914,15to25
192,15to25
2154,25to50
4061,25to50
3466,15to25
1290,15to25
3751,15to25
911,25to50
1969,25to50
773,25to50
907,15to25
3104,25to50
1970,25to50
320,15to25
1228,25to50
1002,25to50
190,25to50
190,15to25
2533,10to15
4823,15to25
191,25to50
4754,25to50
2956,25to50
570,15to25
4745,25to50
1242,0to3
168,15to25
4474,15to25
1977,15to25
3931,25to50
190,15to25
1993,15to25
1683,25to50
1616,15to25
2809,25to50
438,15to25
2640,15to25
3931,15to25
330,15to25
2574,15to25
4714,25to50
2831,25to50
623,25to50
3124,0to3
4541,25to50
3616,15to25
4834,15to25
2901,0to3
935,15to25
4694,15to25
871,10to15
3063,25to50
3692,25to50
3536,15to25
720,15to25
3267,15to25
3313,15to25
3319,15to25
1730,25to50
1758,0to3
863,25to50
1795,15to25
3173,15to25
3322,0to3
1969,15to25
3947,15to25
193,15to25
3595,15to25
141,25to50
4831,25to50
1145,25to50
599,25to50
2961,0to3
1114,15to25
498,15to25
190,15to25
1002,25to50
1993,15to25
2677,15to25
4893,15to25
1988,15to25
2914,15to25
1939,10to15
909,25to50
498,25to50
3319,25to50
1682,0to3
2759,15to25
4873,0to3
1433,25to50
16,0to3
4325,15to25
4182,25to50
389,15to25
4919,15to25
1144,15to25
4577,15to25
3937,15to25
190,10to15
4546,25to50
4777,15to25
253,25to50
1169,10to15
2361,15to25
1174,10to15
1406,0to3
190,15to25
4298,25to50
1730,25to50
3937,25to50
2282,0to3
1547,10to15
190,15to25
3642,15to25
720,25to50
4301,25to50
2466,10to15
2283,25to50
3237,25to50
190,15to25
4368,25to50
3398,15to25
853,15to25
1174,15to25
4258,15to25
3931,15to25
795,0to3
190,25to50
910,25to50
4295,25to50
909,25to50
119,0to3
4331,15to25
4952,15to25
288,15to25
2475,25to50
3664,15to25
4546,25to50
2906,25to50
4096,15to25
3139,15to25
311,25to50
4280,15to25
2480,25to50
4490,25to50
1682,10to15
663,25to50
1996,15to25
1626,15to25
4777,15to25
57,15to25
3322,15to25
1988,15to25
724,25to50
190,15to25
1969,25to50
2033,25to50
16,10to15
343,15to25
444,15to25
2037,15to25
1889,15to25
1766,15to25
855,15to25
391,25to50
2104,25to50
2392,0to3
1002,15to25
1343,10to15
2500,15to25
1455,15to25
4393,15to25
395,15to25
266,25to50
2298,15to25
9,25to50
190,25to50
488,25to50
2660,25to50
2761,25to50
3396,15to25
3388,0to3
1002,15to25
1993,25to50
3412,10to15
3656,10to15
3186,25to50
3240,25to50
4409,25to50
2637,15to25
911,15to25
3319,25to50
3485,25to50
2740,15to25
1305,25to50
1196,0to3
1087,15to25
2402,15to25
1907,25to50
884,15to25
181,25to50
2840,15to25
3035,25to50
496,15to25
1988,10to15
1572,25to50
3719,15to25
5021,15to25
2795,15to25
1715,15to25
1210,25to50
190,15to25
2972,25to50
3383,25to50
183,10to15
2119,10to15
1408,15to25
190,10to15
2620,25to50
720,15to25
572,15to25
284,15to25
2362,25to50
671,25to50
1727,15to25
4541,25to50
4577,15to25
767,25to50
3935,10to15
2409,25to50
2574,15to25
582,15to25
3417,10to15
2175,25to50
206,15to25
3709,25to50
3657,25to50
1316,15to25
3420,10to15
4951,15to25
4708,25to50
1988,25to50
988,25to50
2426,25to50
4061,25to50
477,25to50
3456,25to50
3052,15to25
5018,15to25
1642,0to3
1593,15to25
1210,15to25
3632,15to25
871,15to25
4978,15to25
1732,25to50
4822,15to25
1732,10to15
4705,15to25
3594,15to25
3323,15to25
4041,15to25
3998,25to50
1871,10to15
4971,15to25
3826,15to25
1173,15to25
448,15to25
4947,15to25
2501,10to15
853,10to15
1353,25to50
3692,15to25
2796,0to3
2064,15to25
4507,10to15
765,15to25
1054,25to50
334,15to25
4541,25to50
1022,15to25
1988,25to50
3030,10to15
4525,15to25
3114,25to50
1942,15to25
3362,25to50
4377,15to25
1124,0to3
3998,25to50
335,15to25
1988,25to50
190,25to50
864,25to50
721,25to50
190,15to25
2022,0to3
3164,15to25
2403,15to25
4968,15to25
4817,25to50
1305,25to50
837,15to25
2906,25to50
4408,0to3
1153,0to3
4750,25to50
2573,15to25
749,25to50
4636,15to25
3121,25to50
4377,25to50
3968,15to25
190,15to25
4991,25to50
3558,15to25
3612,25to50
3383,25to50
1305,25to50
358,25to50
3319,10to15
909,25to50
1665,25to50
1305,15to25
1993,25to50
3847,25to50
144,15to25
1988,25to50
4677,15to25
2426,15to25
109,15to25
3675,15to25
643,10to15
513,15to25
2329,15to25
4436,15to25
4806,25to50
425,25to50
2841,25to50
613,25to50
1746,10to15
2278,15to25
2917,15to25
1467,25to50
1970,10to15
4541,10to15
1473,25to50
4713,10to15
1473,15to25
5019,25to50
912,10to15
2858,15to25
2009,25to50
2222,25to50
2890,10to15
3457,10to15
1793,25to50
3218,25to50
2540,15to25
3819,10to15
3595,15to25
190,25to50
1589,10to15
3781,15to25
190,15to25
667,10to15
1173,0to3
1456,25to50
3921,15to25
25,25to50
1355,25to50
420,15to25
1297,15to25
1988,25to50
4877,15to25
3461,10to15
4657,15to25
1435,25to50
1904,25to50
1412,25to50
190,15to25
3437,25to50
2574,15to25
1251,15to25
2930,25to50
3820,15to25
2621,25to50
1210,25to50
4971,25to50
3734,25to50
1518,10to15
4528,10to15
3319,25to50
2948,15to25
4893,25to50
260,15to25
1806,15to25
314,15to25
4966,25to50
3498,15to25
1970,25to50
190,15to25
179,15to25
4298,15to25
3092,10to15
3428,25to50
1416,15to25
1718,25to50
2884,25to50
1305,15to25
577,15to25
2063,15to25
538,15to25
498,25to50
535,15to25
4727,15to25
2212,25to50
1173,15to25
1449,15to25
1305,25to50
3398,15to25
2982,15to25
3037,15to25
1153,15to25
1619,15to25
2692,15to25
2978,15to25
3218,15to25
1988,25to50
2252,25to50
4061,25to50
119,15to25
2471,25to50
4682,0to3
1153,0to3
3195,15to25
4365,15to25
2429,15to25
3091,25to50
4385,15to25
337,15to25
3789,15to25
190,15to25
4907,15to25
4541,25to50
1632,15to25
749,15to25
2914,10to15
320,0to3
2879,15to25
4627,15to25
746,15to25
3319,25to50
353,10to15
655,25to50
3521,10to15
139,15to25
4036,15to25
191,15to25
1300,15to25
3905,15to25
3402,15to25
3726,15to25
2668,15to25
4686,25to50
2906,25to50
1097,25to50
4863,25to50
2471,15to25
720,25to50
3453,25to50
3442,25to50
996,15to25
4743,15to25
4818,15to25
190,25to50
2145,10to15
2098,15to25
190,15to25
607,15to25
3809,15to25
3931,0to3
1528,15to25
4627,25to50
1054,25to50
799,15to25
1305,15to25
2005,25to50
3500,15to25
1988,25to50
3499,10to15
2904,15to25
1709,0to3
190,15to25
2572,25to50
4729,25to50
444,15to25
1747,25to50
1669,25to50
16,15to25
4132,15to25
5019,15to25
2317,15to25
314,25to50
3228,15to25
4852,15to25
305,25to50
4972,0to3
105,10to15
1510,15to25
2574,15to25
640,0to3
3612,25to50
3163,25to50
1655,25to50
1407,15to25
1173,15to25
4272,25to50
1408,15to25
3171,15to25
4309,15to25
3873,15to25
190,15to25
1013,15to25
3770,25to50
617,25to50
314,15to25
1945,25to50
952,25to50
2151,10to15
7,15to25
1074,25to50
3113,10to15
2553,15to25
3104,25to50
2850,15to25
1969,25to50
4954,25to50
4344,10to15
3316,15to25
1435,15to25
3847,10to15
1014,15to25
1988,25to50
4688,25to50
884,15to25
2032,15to25
4933,15to25
395,15to25
2480,25to50
3663,10to15
190,25to50
181,15to25
313,10to15
3594,15to25
2565,25to50
2496,25to50
3535,15to25
795,25to50
3409,15to25
2020,25to50
1543,0to3
3607,15to25
3703,25to50
4049,25to50
476,15to25
412,25to50
2033,25to50
1969,15to25
2127,25to50
4893,15to25
2914,25to50
2847,15to25
3612,25to50
2920,25to50
1526,15to25
1093,15to25
1353,25to50
190,15to25
3629,15to25
2325,15to25
190,15to25
2545,15to25
3822,15to25
3319,25to50
769,15to25
4808,15to25
4549,10to15
4919,15to25
191,15to25
3048,15to25
2104,0to3
1732,15to25
4229,15to25
1250,15to25
2577,15to25
3576,10to15
3988,10to15
1969,15to25
1332,25to50
1174,15to25
202,25to50
1059,15to25
4951,15to25
1641,0to3
4893,15to25
835,15to25
1691,15to25
3458,25to50
646,25to50
1969,15to25
190,15to25
1294,25to50
1122,15to25
1988,15to25
3725,25to50
2107,25to50
3544,25to50
3119,15to25
4569,25to50
3603,15to25
2652,25to50
3180,15to25
3730,25to50
4437,15to25
1970,15to25
2834,25to50
57,15to25
1838,25to50
191,25to50
1989,25to50
3331,25to50
3478,15to25
125,25to50
2884,25to50
3636,10to15
1526,15to25
3862,15to25
3784,25to50
4893,15to25
3897,15to25
142,15to25
1807,25to50
1969,15to25
190,15to25
755,15to25
852,15to25
2941,15to25
976,10to15
4697,25to50
3719,25to50
4777,15to25
3677,15to25
1698,25to50
668,15to25
3616,0to3
4272,25to50
16,15to25
4639,15to25
1613,15to25
131,0to3
3478,0to3
250,0to3
2641,25to50
2080,15to25
3051,0to3
3675,15to25
3319,25to50
3113,15to25
70,25to50
2510,25to50
190,10to15
1730,10to15
1497,15to25
2620,15to25
749,25to50
3848,25to50
1974,15to25
3412,15to25
932,15to25
190,15to25
1784,15to25
1660,10to15
1969,15to25
720,25to50
1969,15to25
1305,15to25
4230,15to25
2723,15to25
1988,15to25
2981,15to25
2100,25to50
4107,0to3
4766,15to25
2727,25to50
3608,15to25
2706,15to25
1094,25to50
3275,25to50
910,15to25
4886,15to25
2840,0to3
3996,0to3
334,15to25
4870,15to25
910,15to25
1969,15to25
668,25to50
1547,15to25
930,25to50
3979,25to50
1573,15to25
2340,15to25
190,15to25
2388,15to25
4737,10to15
1143,25to50
4719,15to25
2713,25to50
5019,10to15
4818,25to50
3223,15to25
3748,15to25
2191,15to25
3906,15to25
3049,25to50
3329,10to15
1269,25to50
2127,15to25
2929,15to25
2677,15to25
1534,10to15
4365,15to25
4499,15to25
190,0to3
1064,25to50
190,3to6
3275,10to15
190,15to25
1408,15to25
4922,25to50
4200,25to50
695,10to15
4972,25to50
4904,25to50
4395,15to25
3033,15to25
480,25to50
911,15to25
190,15to25
4948,25to50
826,25to50
2403,15to25
425,25to50
2795,10to15
3594,25to50
383,10to15
190,15to25
1457,15to25
4777,15to25
4311,15to25
2228,25to50
3457,25to50
769,15to25
1862,0to3
4470,25to50
2319,15to25
1002,25to50
669,10to15
3555,15to25
4661,15to25
3770,25to50
1365,0to3
4669,25to50
459,15to25
4785,15to25
190,15to25
1691,15to25
2122,15to25
1612,25to50
437,15to25
1837,15to25
770,25to50
7,15to25
4484,0to3
837,15to25
4537,15to25
4727,15to25
2740,15to25
3937,15to25
4900,15to25
1989,25to50
4576,15to25
4718,0to3
2906,25to50
4050,15to25
2855,25to50
190,15to25
4370,15to25
3280,25to50
3699,15to25
3536,25to50
116,25to50
3980,25to50
233,10to15
1343,15to25
1006,15to25
1212,15to25
1570,15to25
1720,10to15
280,25to50
1969,25to50
1904,10to15
4655,10to15
190,15to25
1566,10to15
3172,25to50
2723,15to25
864,15to25
3950,25to50
3319,25to50
3954,15to25
668,25to50
4120,10to15
1154,15to25
4989,25to50
1730,25to50
1790,25to50
1596,15to25
4387,25to50
1531,25to50
3184,0to3
2231,10to15
2557,15to25
444,25to50
549,25to50
4822,15to25
1174,10to15
1601,25to50
2841,25to50
417,15to25
2046,0to3
4577,15to25
3847,25to50
1635,25to50
2761,15to25
2314,15to25
3822,15to25
715,25to50
2765,15to25
1969,25to50
191,25to50
4030,25to50
3816,15to25
2124,15to25
4189,15to25
3382,25to50
153,0to3
334,15to25
3101,15to25
1106,0to3
3639,25to50
4480,10to15
4,15to25
2357,25to50
190,15to25
3398,15to25
4049,15to25
3570,15to25
2980,15to25
2345,15to25
3828,15to25
765,25to50
3218,15to25
4528,15to25
304,25to50
2408,15to25
3535,15to25
1969,15to25
314,10to15
1305,10to15
4913,25to50
320,15to25
4845,25to50
3322,15to25
829,25to50
335,25to50
817,15to25
288,15to25
3443,15to25
352,15to25
2683,15to25
1730,15to25
4054,15to25
1153,0to3
1675,25to50
3753,15to25
3054,15to25
4966,15to25
1025,0to3
911,25to50
4458,25to50
1610,15to25
2756,25to50
1806,15to25
837,25to50
1369,25to50
3353,15to25
2841,25to50
3518,0to3
1460,15to25
3,10to15
1526,15to25
3731,15to25
1969,15to25
3810,15to25
2186,15to25
2914,15to25
541,10to15
356,25to50
4487,0to3
3919,25to50
49,25to50
4257,25to50
4208,25to50
611,15to25
970,0to3
2914,15to25
2577,15to25
4904,25to50
1305,15to25
4272,25to50
190,10to15
1732,25to50
970,25to50
2941,15to25
1970,25to50
1173,15to25
4033,15to25
387,15to25
190,15to25
1278,15to25
1720,10to15
1547,15to25
753,25to50
1988,25to50
1799,25to50
2705,15to25
165,15to25
1969,15to25
909,15to25
2914,15to25
3113,15to25
1107,15to25
2308,25to50
1481,10to15
2467,10to15
14,15to25
190,15to25
4004,15to25
3177,15to25
3478,10to15
2881,15to25
3445,25to50
4474,15to25
4296,15to25
3866,15to25
3968,25to50
264,25to50
1913,25to50
720,15to25
1788,15to25
1002,25to50
2914,25to50
3490,10to15
1857,25to50
1950,10to15
4675,10to15
2245,25to50
2395,15to25
1777,10to15
2173,25to50
860,15to25
1002,10to15
3689,15to25
314,15to25
4018,25to50
1379,15to25
4752,15to25
1445,10to15
4494,25to50
4365,15to25
190,15to25
976,10to15
1969,15to25
976,25to50
4964,15to25
607,0to3
4272,10to15
1002,15to25
1624,25to50
2159,10to15
2467,15to25
991,15to25
329,15to25
1720,25to50
2222,10to15
3741,15to25
3402,25to50
733,25to50
1084,25to50
4097,15to25
4022,15to25
2906,25to50
3099,15to25
3319,25to50
4370,25to50
3324,15to25
3931,15to25
2914,25to50
4546,25to50
3218,25to50
4159,25to50
1305,25to50
2841,15to25
2858,15to25
3362,25to50
3909,15to25
2968,15to25
4822,25to50
3770,25to50
2809,15to25
4354,25to50
2706,15to25
4627,25to50
3114,25to50
1319,15to25
1988,15to25
1988,15to25
2051,15to25
3266,25to50
4652,25to50
1969,25to50
4825,25to50
2906,25to50
2855,15to25
975,15to25
1687,25to50
2031,15to25
2665,15to25
203,10to15
3161,0to3
4883,15to25
552,25to50
1066,0to3
3113,10to15
1498,15to25
910,15to25
190,10to15
1869,15to25
1988,15to25
3612,15to25
3095,0to3
3719,0to3
3612,15to25
4272,25to50
3087,10to15
4528,15to25
1473,15to25
448,25to50
190,15to25
3594,15to25
3296,15to25
4592,15to25
190,10to15
2639,15to25
280,25to50
2339,15to25
3675,15to25
3610,25to50
2706,0to3
2676,15to25
837,15to25
3807,15to25
553,15to25
3344,15to25
2841,10to15
4434,25to50
3023,0to3
1829,15to25
3957,25to50
1282,0to3
201,0to3
1988,25to50
975,10to15
190,15to25
2031,10to15
3226,15to25
1687,25to50
2922,15to25
898,15to25
7,10to15
476,15to25
2218,15to25
1294,15to25
1456,0to3
1806,15to25
1483,25to50
1969,10to15
1765,15to25
2106,25to50
3828,10to15
3018,15to25
4027,25to50
4798,15to25
1116,25to50
3929,15to25
4893,10to15
2432,10to15
190,10to15
4951,0to3
909,25to50
1828,15to25
4697,25to50
787,15to25
1739,25to50
1251,15to25
3319,0to3
229,25to50
11,10to15
3319,25to50
1871,25to50
419,15to25
1187,25to50
4073,15to25
190,15to25
760,15to25
4372,15to25
1970,25to50
2114,15to25
2771,15to25
2004,10to15
3463,10to15
2809,25to50
1887,15to25
4904,25to50
3564,25to50
3935,15to25
2087,0to3
2067,25to50
3719,0to3
134,25to50
1305,15to25
1989,25to50
437,15to25
280,25to50
1407,15to25
4474,15to25
2671,25to50
4877,25to50
2976,15to25
4536,15to25
4272,25to50
976,25to50
1217,25to50
4485,25to50
1545,15to25
4001,15to25
190,15to25
190,15to25
3161,15to25
929,25to50
3458,15to25
817,0to3
4893,15to25
1970,10to15
831,15to25
3119,15to25
2773,25to50
586,25to50
1020,25to50
380,15to25
1688,15to25
4377,25to50
92,15to25
1050,25to50
864,15to25
884,15to25
2128,0to3
1618,15to25
4741,15to25
3168,15to25
1732,10to15
3274,25to50
1174,25to50
4030,25to50
2789,15to25
4207,15to25
1179,25to50
1501,15to25
4756,25to50
780,10to15
3679,15to25
364,15to25
4774,0to3
4328,15to25
1970,15to25
1626,15to25
1929,25to50
2279,15to25
3592,25to50
884,15to25
1279,15to25
2971,10to15
1915,15to25
4298,15to25
792,25to50
1230,15to25
3117,15to25
4856,15to25
1305,15to25
1058,15to25
2325,15to25
4558,15to25
943,15to25
1055,15to25
2035,15to25
2611,15to25
4049,10to15
3319,15to25
3983,25to50
1668,25to50
3382,15to25
3596,25to50
4203,25to50
2621,25to50
2401,15to25
4774,25to50
4388,0to3
1970,25to50
4035,15to25
3993,15to25
311,25to50
503,25to50
909,25to50
2262,15to25
16,15to25
3362,15to25
1720,15to25
311,25to50
4366,25to50
1969,15to25
642,0to3
451,10to15
190,15to25
4370,15to25
4150,25to50
2133,15to25
4661,15to25
2809,15to25
4317,15to25
1774,15to25
1002,25to50
1969,15to25
7,15to25
911,25to50
783,25to50
3417,15to25
2475,15to25
4178,15to25
3394,25to50
2245,10to15
1103,0to3
3079,15to25
4266,15to25
2188,15to25
4365,15to25
426,10to15
3745,15to25
1988,15to25
301,25to50
3935,10to15
2319,15to25
4018,15to25
1058,25to50
4893,25to50
1307,25to50
191,15to25
2838,15to25
3402,15to25
4110,25to50
4611,15to25
4671,10to15
2058,25to50
4449,15to25
5008,10to15
1379,15to25
3854,25to50
4210,25to50
3103,0to3
4806,15to25
2789,15to25
4751,15to25
3647,15to25
1542,15to25
4731,15to25
838,15to25
815,15to25
2433,15to25
910,15to25
4050,15to25
1948,15to25
1732,25to50
1969,15to25
1584,15to25
3441,10to15
3595,25to50
3238,25to50
72,15to25
2299,25to50
3313,25to50
4189,25to50
1871,10to15
3848,25to50
910,15to25
442,25to50
4433,25to50
2414,25to50
4368,15to25
399,25to50
3970,25to50
3741,15to25
4945,15to25
1602,25to50
3919,15to25
2038,15to25
1837,0to3
4365,15to25
2699,15to25
2198,10to15
910,15to25
4541,15to25
190,10to15
2961,15to25
360,25to50
1117,15to25
5018,15to25
191,25to50
2251,25to50
4574,10to15
389,10to15
779,25to50
1641,0to3
2091,10to15
4750,25to50
2367,15to25
4460,15to25
2217,15to25
1969,15to25
2757,15to25
4822,25to50
1550,25to50
1322,25to50
1648,15to25
2826,15to25
3329,15to25
3467,15to25
2682,15to25
1666,15to25
4877,25to50
992,25to50
2467,15to25
3216,25to50
4470,25to50
2036,15to25
2835,15to25
2672,25to50
2217,15to25
4370,15to25
251,15to25
1700,25to50
1748,0to3
3657,25to50
4218,10to15
4379,10to15
3712,15to25
4913,10to15
1988,15to25
3998,15to25
3675,15to25
1256,25to50
1863,10to15
167,15to25
3288,15to25
4298,25to50
4956,25to50
3680,0to3
190,15to25
3319,15to25
3319,15to25
1197,10to15
2907,0to3
4495,15to25
1793,25to50
837,15to25
1547,15to25
1258,25to50
1827,15to25
1745,25to50
2804,10to15
190,15to25
1410,25to50
2790,25to50
1730,15to25
4867,15to25
3931,25to50
857,25to50
3324,25to50
3662,15to25
4426,15to25
4272,10to15
546,15to25
20,10to15
3094,25to50
3113,15to25
4181,10to15
1305,15to25
85,25to50
4002,25to50
3322,10to15
191,15to25
839,10to15
821,0to3
360,25to50
1995,15to25
1700,10to15
761,15to25
4893,15to25
1993,15to25
395,15to25
4893,15to25
3675,15to25
930,25to50
4076,15to25
4636,15to25
4347,15to25
1054,25to50
4061,25to50
16,15to25
297,15to25
2199,15to25
4716,15to25
3362,10to15
1805,15to25
2969,0to3
2245,25to50
976,0to3
4164,15to25
191,15to25
1500,25to50
4541,15to25
3561,25to50
2320,15to25
3675,15to25
2235,0to3
4683,15to25
2702,25to50
604,25to50
290,15to25
1240,25to50
1552,25to50
476,15to25
4459,0to3
4862,25to50
4777,15to25
4130,15to25
3846,15to25
686,25to50
2993,15to25
191,15to25
720,25to50
3379,15to25
3382,15to25
1305,25to50
3254,25to50
1448,25to50
3990,10to15
1483,15to25
1497,15to25
2166,15to25
2246,25to50
3238,15to25
2972,15to25
4298,15to25
1301,10to15
2058,25to50
4368,0to3
190,15to25
1301,25to50
930,15to25
2852,25to50
4273,15to25
2496,25to50
1054,25to50
3939,15to25
1955,15to25
1002,15to25
1527,25to50
2086,15to25
1002,25to50
1597,15to25
4577,15to25
268,15to25
2887,15to25
1391,15to25
3260,15to25
669,25to50
23,25to50
1450,15to25
4433,15to25
3097,0to3
82,15to25
1969,25to50
643,25to50
4904,15to25
1730,15to25
3821,25to50
569,15to25
1262,15to25
1383,25to50
26,15to25
3319,15to25
2187,15to25
3273,25to50
995,0to3
1744,25to50
1305,15to25
1044,10to15
2773,25to50
190,15to25
303,15to25
1122,25to50
1002,15to25
686,25to50
16,25to50
64,15to25
614,15to25
3241,25to50
1305,15to25
860,15to25
3167,15to25
3242,15to25
311,15to25
4722,15to25
4817,25to50
3250,25to50
190,15to25
1009,15to25
1717,15to25
1526,15to25
2728,0to3
3132,0to3
1353,15to25
2795,25to50
749,10to15
3739,15to25
775,0to3
1526,15to25
1720,25to50
1970,25to50
4893,25to50
3469,15to25
4596,15to25
3383,15to25
1054,15to25
4904,25to50
910,15to25
2865,15to25
4298,25to50
4719,25to50
2401,15to25
423,25to50
1730,25to50
2268,25to50
615,25to50
4750,25to50
3968,15to25
396,15to25
2393,15to25
972,15to25
976,15to25
3821,10to15
1305,15to25
1885,10to15
495,10to15
4669,10to15
3554,0to3
193,15to25
3092,10to15
4893,15to25
3119,25to50
911,15to25
3697,25to50
460,0to3
190,25to50
3699,25to50
1054,15to25
1969,15to25
4373,15to25
3319,25to50
1627,15to25
910,15to25
3937,10to15
3300,15to25
2085,15to25
190,10to15
2841,25to50
1600,25to50
2142,25to50
2494,10to15
190,15to25
1988,25to50
3437,25to50
1305,15to25
3275,15to25
3084,15to25
2381,10to15
2821,25to50
4426,15to25
700,25to50
3155,15to25
313,25to50
191,15to25
4868,0to3
1505,15to25
1448,15to25
498,0to3
190,10to15
3251,25to50
4426,25to50
230,15to25
4061,15to25
14,15to25
3160,15to25
4252,15to25
3757,25to50
1499,15to25
4651,15to25
3719,15to25
877,25to50
1700,25to50
1969,15to25
2884,15to25
4509,25to50
1058,15to25
3545,25to50
1483,25to50
4779,15to25
3241,25to50
1300,15to25
4947,15to25
73,25to50
671,25to50
81,15to25
320,0to3
1392,25to50
4136,15to25
1312,25to50
715,10to15
1448,25to50
1730,15to25
2650,25to50
4951,15to25
543,25to50
3158,25to50
1988,25to50
3353,15to25
1969,15to25
1988,25to50
224,25to50
2283,15to25
190,15to25
1934,25to50
1305,25to50
1655,25to50
461,10to15
3083,15to25
2980,25to50
2467,10to15
4060,25to50
864,15to25
190,15to25
2761,15to25
1481,25to50
1318,15to25
4323,25to50
3319,25to50
2501,10to15
2906,15to25
2390,25to50
5009,25to50
720,25to50
837,15to25
1899,25to50
3610,15to25
1893,25to50
1834,25to50
765,25to50
1969,25to50
437,15to25
1843,25to50
2512,15to25
16,25to50
191,25to50
3998,10to15
3319,25to50
4061,25to50
4344,25to50
1064,10to15
968,15to25
1332,25to50
3424,25to50
559,15to25
931,25to50
3114,15to25
314,15to25
1358,10to15
4339,25to50
4117,10to15
1153,0to3
1915,15to25
1013,25to50
3447,15to25
2859,15to25
1969,15to25
4448,10to15
4563,15to25
276,25to50
2501,25to50
190,15to25
2905,25to50
3656,25to50
176,10to15
4295,25to50
2015,15to25
1108,15to25
2340,15to25
2208,10to15
4198,0to3
838,10to15
4248,25to50
3415,0to3
3319,15to25
3319,25to50
4880,0to3
4774,15to25
2467,0to3
16,25to50
4777,15to25
335,15to25
1713,10to15
3272,15to25
1002,15to25
307,15to25
2574,25to50
190,15to25
3218,15to25
4055,25to50
597,15to25
412,15to25
4272,15to25
3076,25to50
2483,25to50
190,25to50
1616,15to25
1398,15to25
190,15to25
4908,15to25
3319,15to25
769,15to25
2927,15to25
746,15to25
4633,25to50
2471,15to25
2350,25to50
4370,15to25
720,25to50
3931,10to15
2961,10to15
11,15to25
2738,25to50
1057,25to50
921,15to25
3216,25to50
124,15to25
1384,15to25
190,15to25
3326,25to50
3988,25to50
1829,10to15
2795,15to25
1730,15to25
811,15to25
4420,25to50
313,15to25
1988,25to50
153,25to50
1732,25to50
471,15to25
4822,25to50
2532,15to25
3694,15to25
2731,15to25
4161,25to50
1527,25to50
190,10to15
2474,15to25
1682,25to50
2508,15to25
116,25to50
4952,0to3
1349,25to50
190,10to15
1044,15to25
4164,0to3
2644,25to50
1305,15to25
3291,25to50
1793,25to50
3675,15to25
4904,15to25
4893,0to3
190,15to25
4365,10to15
994,15to25
3281,15to25
190,25to50
4701,25to50
2809,15to25
3485,15to25
1509,25to50
3347,15to25
2871,15to25
1904,15to25
3119,15to25
1901,25to50
4168,15to25
1988,25to50
2300,0to3
1993,15to25
761,15to25
3419,15to25
3055,15to25
3955,15to25
3732,15to25
4269,15to25
3713,15to25
537,25to50
761,15to25
205,15to25
1481,25to50
3225,10to15
2556,25to50
3610,15to25
4328,15to25
191,25to50
2365,25to50
4355,25to50
829,25to50
2331,15to25
190,15to25
314,10to15
1836,10to15
3275,25to50
3279,15to25
3914,15to25
2809,10to15
723,25to50
2403,25to50
4272,25to50
4248,25to50
765,25to50
3461,15to25
2738,25to50
4050,15to25
1301,25to50
2868,25to50
5019,15to25
1173,15to25
4298,25to50
412,15to25
356,25to50
449,25to50
190,15to25
759,15to25
1526,15to25
4572,0to3
2037,15to25
191,10to15
2147,0to3
1969,15to25
3458,25to50
2981,25to50
169,15to25
3237,25to50
2516,15to25
674,15to25
837,25to50
4821,0to3
2647,15to25
4412,10to15
1986,15to25
1970,10to15
871,15to25
4984,15to25
4735,15to25
2519,25to50
2217,15to25
2837,25to50
2550,25to50
1300,15to25
1362,15to25
871,15to25
1153,15to25
4095,15to25
3670,25to50
3701,15to25
2807,15to25
190,15to25
2574,15to25
2434,10to15
2586,15to25
190,25to50
2269,25to50
3524,15to25
2365,25to50
551,25to50
911,25to50
861,25to50
1436,15to25
90,25to50
1993,15to25
778,15to25
4449,15to25
921,15to25
4574,15to25
2539,25to50
914,15to25
3677,15to25
51,15to25
2375,25to50
2129,15to25
1970,25to50
1336,0to3
4893,15to25
4272,25to50
2033,25to50
888,15to25
4893,0to3
1969,25to50
837,15to25
1353,25to50
949,15to25
3398,15to25
1685,15to25
1305,15to25
4833,25to50
1839,25to50
305,25to50
191,15to25
573,15to25
3931,25to50
1354,25to50
4167,15to25
1970,25to50
2064,0to3
804,25to50
1616,15to25
4272,10to15
3253,25to50
1815,15to25
1041,15to25
2222,15to25
1215,0to3
133,10to15
4716,15to25
1013,25to50
4284,0to3
2599,25to50
4972,10to15
4823,15to25
1578,15to25
3252,15to25
2159,25to50
1477,15to25
4549,15to25
1615,25to50
1173,15to25
2723,15to25
930,25to50
190,15to25
2987,15to25
1013,25to50
1970,25to50
1305,15to25
171,15to25
930,25to50
3109,25to50
4347,25to50
1002,25to50
2426,15to25
1969,15to25
666,25to50
2467,15to25
4863,10to15
4221,15to25
4055,15to25
2961,0to3
230,25to50
4109,25to50
3382,15to25
1526,25to50
3709,15to25
4969,15to25
437,15to25
3417,15to25
2260,15to25
446,25to50
1014,15to25
2914,25to50
3109,25to50
3689,0to3
4501,15to25
4906,15to25
1372,10to15
1686,25to50
4652,15to25
3382,25to50
2844,15to25
255,10to15
3745,25to50
4750,10to15
2053,10to15
320,15to25
184,10to15
1970,15to25
1458,10to15
3101,15to25
190,15to25
4319,15to25
3536,10to15
191,15to25
515,15to25
400,0to3
2841,25to50
2155,15to25
4631,15to25
4232,15to25
923,10to15
2028,0to3
765,10to15
2854,25to50
1259,10to15
3510,25to50
4506,15to25
190,15to25
3612,25to50
3284,25to50
996,15to25
4904,0to3
4774,15to25
1002,10to15
2905,15to25
2861,15to25
3457,25to50
4301,25to50
737,25to50
3033,15to25
71,25to50
1969,25to50
85,10to15
1096,15to25
4282,25to50
1871,25to50
5031,25to50
1988,25to50
85,10to15
4952,15to25
3989,15to25
4505,15to25
4541,15to25
3931,15to25
853,25to50
2994,15to25
2938,15to25
2287,25to50
2142,15to25
2077,15to25
190,15to25
4139,15to25
3274,15to25
1353,25to50
2670,15to25
4731,15to25
1153,0to3
1750,10to15
1274,25to50
3538,25to50
96,15to25
40,15to25
4407,15to25
3275,15to25
3569,25to50
1536,25to50
53,25to50
4298,10to15
4822,25to50
3670,25to50
3633,15to25
4915,15to25
3936,15to25
3218,15to25
2614,15to25
1389,15to25
2574,25to50
4182,25to50
4622,25to50
5031,25to50
2924,25to50
2220,0to3
1970,15to25
4114,25to50
1000,15to25
1020,15to25
459,15to25
4097,10to15
4272,15to25
3616,15to25
2078,25to50
4712,15to25
4856,15to25
975,15to25
4369,15to25
1726,25to50
2845,15to25
869,25to50
1745,10to15
2495,15to25
330,15to25
4104,25to50
1688,0to3
2672,15to25
2922,15to25
3848,25to50
1380,0to3
3114,25to50
1673,25to50
4566,25to50
1988,25to50
4861,25to50
4061,15to25
1113,0to3
5013,15to25
1969,10to15
4751,25to50
769,15to25
1969,15to25
3719,15to25
11,15to25
2319,25to50
4149,15to25
3382,25to50
761,15to25
1153,15to25
3805,15to25
2809,25to50
4097,25to50
4528,10to15
637,25to50
2574,15to25
3377,15to25
2333,15to25
4910,25to50
838,15to25
2533,15to25
171,15to25
1969,0to3
2016,15to25
4069,15to25
16,10to15
2316,15to25
3457,15to25
4315,25to50
910,25to50
1969,15to25
800,15to25
182,25to50
4018,0to3
2574,15to25
2922,15to25
4061,25to50
4703,15to25
1210,10to15
1513,15to25
3074,15to25
3931,15to25
1044,0to3
662,25to50
1986,15to25
1988,25to50
4494,15to25
4988,10to15
3350,25to50
4818,25to50
3931,25to50
1136,25to50
258,0to3
2830,15to25
4778,15to25
4710,15to25
3478,0to3
421,10to15
1349,15to25
1644,15to25
2723,15to25
4893,15to25
4577,25to50
1526,15to25
3595,10to15
3275,15to25
2947,0to3
3288,15to25
2544,25to50
1871,10to15
982,25to50
16,25to50
2807,25to50
3705,0to3
191,10to15
4874,15to25
4905,10to15
1369,25to50
4458,15to25
1529,15to25
116,15to25
3315,0to3
3274,25to50
2436,15to25
1327,25to50
1336,0to3
2058,10to15
3228,15to25
2884,15to25
3458,10to15
2166,15to25
970,15to25
1057,0to3
4474,15to25
4934,15to25
205,25to50
3139,0to3
2722,15to25
1952,15to25
911,25to50
887,15to25
1002,25to50
4030,25to50
853,15to25
1209,25to50
3362,25to50
1391,0to3
4716,15to25
911,25to50
4662,25to50
3295,15to25
1730,15to25
418,10to15
4301,25to50
2536,15to25
4272,25to50
4313,15to25
3664,15to25
1054,15to25
4272,10to15
2661,15to25
3329,25to50
4055,25to50
1732,25to50
1988,25to50
2844,25to50
2838,15to25
190,15to25
2922,25to50
2675,25to50
1061,15to25
4188,15to25
1806,15to25
16,15to25
16,10to15
1620,15to25
1072,25to50
3657,25to50
5019,25to50
3559,0to3
489,10to15
1072,10to15
2674,25to50
646,10to15
1988,15to25
4180,15to25
1266,10to15
3603,15to25
3238,15to25
848,25to50
3615,25to50
927,15to25
4984,15to25
2022,0to3
1970,15to25
1020,25to50
2752,15to25
2199,15to25
460,15to25
2972,15to25
57,0to3
3844,25to50
4727,10to15
911,25to50
779,25to50
4405,25to50
2906,15to25
1153,0to3
3052,0to3
5019,15to25
4485,15to25
5019,15to25
4458,10to15
990,15to25
4821,15to25
2573,10to15
3937,15to25
4965,15to25
2719,15to25
1751,15to25
3275,25to50
2400,25to50
4426,15to25
2965,15to25
925,25to50
3937,10to15
4079,15to25
3017,25to50
789,25to50
1257,25to50
4644,15to25
2654,25to50
1969,10to15
1713,15to25
1305,0to3
3810,15to25
3945,25to50
2242,15to25
1185,25to50
4040,15to25
1988,25to50
1742,15to25
2715,10to15
1976,25to50
3329,15to25
190,15to25
346,25to50
1963,25to50
2923,15to25
714,15to25
4549,25to50
499,0to3
1098,15to25
4490,15to25
2456,15to25
1988,25to50
1292,15to25
152,15to25
976,15to25
3848,25to50
3594,15to25
2803,25to50
2199,15to25
3738,15to25
4552,15to25
3810,15to25
1002,15to25
1014,15to25
4034,25to50
2260,15to25
190,15to25
782,15to25
2102,15to25
1969,15to25
1715,25to50
231,10to15
4893,0to3
437,15to25
2493,15to25
2769,15to25
191,10to15
1128,0to3
3093,15to25
472,25to50
860,25to50
4369,15to25
607,15to25
4088,15to25
3600,25to50
4181,25to50
314,15to25
3379,15to25
4636,15to25
4574,0to3
3611,25to50
1623,25to50
74,10to15
16,0to3
4458,25to50
3609,15to25
1153,0to3
2154,15to25
817,15to25
3119,10to15
4854,15to25
3673,25to50
437,15to25
1988,15to25
4872,25to50
3871,15to25
3533,15to25
3319,25to50
81,15to25
2297,15to25
395,15to25
927,25to50
3319,25to50
79,15to25
4003,0to3
206,15to25
2349,15to25
4952,15to25
3319,25to50
3216,25to50
2781,0to3
563,25to50
190,10to15
3382,25to50
4307,15to25
2916,15to25
2094,15to25
4775,25to50
1158,15to25
2950,10to15
764,15to25
1243,15to25
151,15to25
4015,10to15
4822,25to50
2258,15to25
3931,25to50
2319,15to25
1957,10to15
4637,15to25
2534,15to25
639,15to25
4551,15to25
1227,25to50
3319,10to15
1305,10to15
1988,25to50
3106,25to50
190,6to10
3487,15to25
1071,15to25
149,25to50
1871,25to50
3815,15to25
190,6to10
1486,15to25
4206,15to25
1701,25to50
191,25to50
3005,25to50
1031,25to50
1817,0to3
1732,25to50
1988,25to50
3236,25to50
190,15to25
146,3to6
3515,15to25
3402,15to25
4741,15to25
3469,15to25
3275,15to25
3584,15to25
1100,25to50
190,15to25
2519,15to25
314,25to50
3228,15to25
2677,25to50
1259,15to25
190,15to25
1806,0to3
4671,15to25
190,25to50
1305,15to25
1153,0to3
4822,15to25
3847,25to50
4675,15to25
4030,25to50
190,10to15
911,25to50
2331,15to25
2687,25to50
1969,15to25
722,10to15
1153,0to3
4661,15to25
98,15to25
3639,25to50
295,25to50
2975,0to3
2319,0to3
1692,25to50
975,15to25
4055,10to15
3319,25to50
2928,25to50
301,15to25
40,15to25
2573,25to50
1305,15to25
345,25to50
474,15to25
425,15to25
3937,15to25
57,15to25
3238,15to25
4148,25to50
190,25to50
1970,15to25
4135,0to3
4136,15to25
2905,15to25
4533,0to3
322,15to25
115,15to25
3599,15to25
723,15to25
2448,15to25
115,15to25
925,25to50
3771,15to25
4717,25to50
2094,0to3
4624,15to25
386,15to25
1730,15to25
2807,25to50
249,15to25
3233,15to25
3079,15to25
1392,25to50
3594,25to50
1382,25to50
1988,25to50
4971,15to25
1153,0to3
4169,0to3
3057,15to25
474,25to50
190,15to25
3910,25to50
436,15to25
2381,15to25
2665,25to50
3016,10to15
1739,25to50
3922,15to25
1472,15to25
2580,15to25
4114,25to50
3998,15to25
860,25to50
3319,15to25
1164,10to15
2469,10to15
4490,15to25
2529,15to25
2509,25to50
4154,10to15
4355,25to50
301,15to25
687,0to3
2053,10to15
4598,15to25
314,15to25
2592,25to50
16,15to25
3215,15to25
1517,25to50
4137,15to25
3265,25to50
190,15to25
190,15to25
649,25to50
1020,25to50
4031,0to3
4654,25to50
1915,15to25
3931,15to25
3980,15to25
1839,25to50
4697,15to25
1755,15to25
4962,15to25
4061,25to50
190,25to50
3362,25to50
305,25to50
4295,15to25
2139,25to50
2553,15to25
1055,15to25
2855,10to15
313,25to50
3317,0to3
4100,25to50
2679,25to50
4877,15to25
1969,15to25
4398,25to50
190,15to25
2831,15to25
1284,25to50
247,15to25
1513,25to50
2813,15to25
440,25to50
3258,15to25
190,15to25
1474,15to25
1526,15to25
3798,25to50
4392,15to25
3319,25to50
1002,25to50
1970,25to50
1695,10to15
1969,15to25
4836,0to3
923,25to50
4810,0to3
161,25to50
4227,15to25
2675,10to15
3362,15to25
4113,15to25
3441,25to50
1866,15to25
1305,15to25
2809,10to15
1442,15to25
577,25to50
4217,25to50
1969,10to15
1775,15to25
1969,15to25
1305,15to25
3319,25to50
2602,25to50
3937,15to25
2650,15to25
379,25to50
1969,15to25
2078,25to50
1835,25to50
4893,10to15
1542,15to25
4893,15to25
2195,25to50
3735,15to25
694,15to25
4458,15to25
1456,0to3
4049,10to15
4996,15to25
2756,15to25
2719,15to25
3280,10to15
4470,10to15
4097,15to25
1199,10to15
437,15to25
4476,10to15
25,15to25
1276,15to25
4727,25to50
2388,10to15
3937,15to25
4377,25to50
2574,15to25
3572,15to25
3319,25to50
4812,10to15
4822,15to25
3324,25to50
5001,15to25
4567,25to50
1050,10to15
4120,25to50
2590,15to25
3238,25to50
425,15to25
3998,15to25
4480,10to15
2342,25to50
57,15to25
2809,25to50
3319,25to50
624,25to50
2328,15to25
1970,15to25
191,15to25
3676,25to50
3319,10to15
190,15to25
4365,15to25
1473,15to25
2202,15to25
1408,15to25
4328,15to25
3478,25to50
1989,10to15
192,25to50
3612,10to15
3676,25to50
168,15to25
4440,15to25
2668,25to50
2706,15to25
1701,25to50
4321,15to25
1261,25to50
2960,15to25
7,15to25
1511,15to25
1548,15to25
3493,15to25
343,10to15
764,15to25
190,15to25
4822,25to50
1728,15to25
2756,15to25
4379,15to25
2719,25to50
3335,15to25
2792,25to50
1988,25to50
3536,25to50
3564,25to50
1179,25to50
624,25to50
2936,25to50
4369,0to3
191,25to50
3382,25to50
700,25to50
2834,25to50
1532,15to25
1988,25to50
4781,25to50
763,10to15
2379,15to25
4973,10to15
190,15to25
1344,25to50
1399,0to3
2809,15to25
3931,15to25
3377,15to25
1568,15to25
2217,15to25
4904,10to15
1989,15to25
192,15to25
4633,15to25
1969,15to25
2115,15to25
3200,15to25
4272,25to50
1002,15to25
1987,10to15
4704,25to50
3119,10to15
1919,15to25
2702,25to50
1871,25to50
3767,15to25
2199,15to25
1668,15to25
335,15to25
485,15to25
1988,25to50
207,25to50
1310,15to25
723,25to50
3711,15to25
3037,15to25
3732,15to25
1295,25to50
4647,15to25
2665,25to50
2827,15to25
3807,15to25
2941,15to25
1970,25to50
1049,10to15
3692,25to50
4353,25to50
2696,25to50
3927,0to3
1993,15to25
2777,25to50
976,15to25
225,25to50
2222,25to50
5019,15to25
3225,25to50
1768,15to25
2313,15to25
2949,15to25
2016,25to50
2776,15to25
1589,15to25
652,15to25
1606,15to25
1970,15to25
1462,15to25
3160,15to25
3319,25to50
2087,0to3
1973,15to25
911,25to50
4298,15to25
3259,15to25
190,15to25
1382,15to25
3616,0to3
3312,15to25
4508,10to15
3777,10to15
2091,25to50
2424,15to25
1988,15to25
1798,15to25
4748,15to25
3675,15to25
503,15to25
3171,25to50
1031,25to50
2473,15to25
910,25to50
2757,15to25
4140,15to25
838,0to3
2574,25to50
4298,25to50
808,10to15
1491,0to3
4424,15to25
3112,25to50
1840,10to15
2274,15to25
2154,15to25
4186,25to50
397,25to50
2845,15to25
2807,15to25
2753,15to25
845,15to25
16,15to25
1970,10to15
3215,15to25
846,15to25
190,25to50
910,25to50
16,15to25
190,15to25
1979,15to25
2148,25to50
3275,25to50
190,15to25
4238,15to25
2981,25to50
2719,15to25
425,15to25
57,25to50
3810,25to50
2514,15to25
2809,25to50
1305,15to25
616,15to25
191,25to50
3648,15to25
2564,25to50
4686,10to15
3458,25to50
1174,25to50
1294,15to25
704,25to50
4370,10to15
4753,25to50
3482,0to3
2235,15to25
871,15to25
1212,15to25
1244,15to25
3059,15to25
3362,15to25
2447,10to15
1687,25to50
4301,15to25
1969,10to15
1189,0to3
1586,15to25
1730,25to50
514,25to50
4372,10to15
162,25to50
4337,15to25
3221,15to25
2699,0to3
3319,15to25
7,10to15
837,25to50
4078,10to15
4385,25to50
4051,15to25
1002,25to50
3277,10to15
4203,25to50
1125,15to25
4904,25to50
4530,15to25
4087,15to25
669,25to50
837,15to25
4197,25to50
544,25to50
2732,15to25
598,15to25
1174,25to50
2914,15to25
1031,25to50
3669,10to15
1301,25to50
1946,15to25
1300,15to25
2386,25to50
2713,10to15
1873,15to25
4512,15to25
1031,10to15
190,15to25
2292,15to25
1378,0to3
2389,15to25
4822,25to50
4030,10to15
2924,15to25
2397,10to15
66,15to25
4672,10to15
99,25to50
3417,10to15
2892,15to25
2573,25to50
2047,10to15
3463,25to50
4952,15to25
4185,0to3
4272,25to50
1730,25to50
2777,25to50
3940,15to25
3090,15to25
1616,25to50
4541,15to25
4938,15to25
971,15to25
4030,0to3
669,25to50
2841,25to50
3451,15to25
2773,25to50
2807,25to50
2730,15to25
4389,15to25
147,15to25
190,15to25
593,25to50
3109,25to50
3919,15to25
1270,15to25
3612,25to50
2411,15to25
4181,25to50
3675,25to50
3851,25to50
244,15to25
2693,25to50
2924,25to50
2174,15to25
4059,15to25
2482,15to25
2432,25to50
1777,15to25
190,15to25
1166,0to3
311,15to25
4604,15to25
2227,0to3
1443,25to50
3203,25to50
4895,25to50
2413,15to25
4444,15to25
4893,15to25
58,25to50
779,25to50
2922,25to50
1616,15to25
3319,25to50
2416,0to3
2049,15to25
1305,25to50
4917,15to25
2319,25to50
190,25to50
3759,15to25
1904,15to25
4936,15to25
4114,15to25
3536,15to25
2072,15to25
323,15to25
1014,0to3
190,15to25
2199,0to3
2397,25to50
4272,25to50
1522,10to15
2921,0to3
3382,25to50
190,15to25
1017,10to15
444,15to25
4968,25to50
1720,25to50
2055,25to50
4904,10to15
1456,15to25
3221,15to25
2778,25to50
1969,25to50
2786,10to15
3823,25to50
4582,0to3
320,15to25
3675,15to25
1969,15to25
1429,25to50
2914,25to50
91,6to10
2219,15to25
2319,25to50
4713,25to50
605,25to50
4904,25to50
4054,15to25
425,15to25
5020,10to15
1717,25to50
2360,25to50
2423,25to50
2841,25to50
132,25to50
4741,15to25
4996,15to25
884,25to50
437,15to25
2484,10to15
1013,25to50
4343,15to25
4274,15to25
3872,25to50
3890,25to50
1715,25to50
3119,10to15
2042,15to25
749,25to50
3736,15to25
749,25to50
190,15to25
3393,15to25
1153,0to3
190,15to25
854,15to25
2646,15to25
4474,15to25
190,15to25
3418,15to25
2248,25to50
4951,15to25
191,10to15
1557,10to15
1305,25to50
4228,0to3
3974,15to25
4328,15to25
2914,25to50
774,25to50
1680,25to50
3257,25to50
1969,15to25
4805,15to25
3675,10to15
3221,15to25
1153,0to3
3813,0to3
48,25to50
4097,15to25
2099,0to3
2520,15to25
4408,25to50
2472,25to50
2363,15to25
1988,15to25
666,25to50
1725,0to3
2136,15to25
24,15to25
2449,15to25
765,25to50
2558,10to15
2809,10to15
83,10to15
2299,15to25
2269,25to50
2649,25to50
853,25to50
2922,25to50
3571,25to50
4963,10to15
2339,15to25
4168,15to25
190,25to50
1305,15to25
1153,0to3
190,25to50
1663,15to25
2403,15to25
350,25to50
1757,0to3
1899,15to25
3322,15to25
1013,15to25
3231,10to15
3616,15to25
3045,15to25
4669,25to50
1969,25to50
1969,15to25
977,15to25
4043,25to50
1337,15to25
1935,15to25
4813,15to25
3908,15to25
3068,25to50
1688,25to50
1969,15to25
1964,10to15
851,15to25
3029,25to50
181,15to25
343,15to25
5026,15to25
1301,25to50
3207,10to15
3457,15to25
3319,15to25
911,25to50
190,15to25
2423,25to50
1905,15to25
996,25to50
153,25to50
4928,0to3
910,15to25
3810,15to25
190,15to25
29,15to25
3414,15to25
1989,10to15
1969,15to25
1904,15to25
2914,15to25
3274,25to50
4951,15to25
1635,25to50
4272,25to50
487,15to25
1969,10to15
404,15to25
190,25to50
2977,15to25
3237,15to25
4608,0to3
1838,25to50
855,15to25
2016,15to25
3137,15to25
4051,25to50
4027,25to50
1110,0to3
3357,10to15
2723,15to25
1168,10to15
1786,0to3
31,25to50
4681,15to25
7,15to25
4592,15to25
2790,25to50
1717,15to25
4307,15to25
2340,15to25
1305,15to25
1395,15to25
4951,25to50
5016,15to25
4947,15to25
837,25to50
1713,25to50
1153,15to25
2809,25to50
393,25to50
4829,25to50
2394,10to15
1969,10to15
2355,25to50
522,25to50
1893,25to50
1666,25to50
1153,0to3
1965,15to25
911,25to50
4666,15to25
3094,15to25
3326,15to25
2016,15to25
1892,15to25
118,15to25
1631,0to3
259,15to25
3284,15to25
3274,15to25
1730,25to50
2773,15to25
4474,15to25
2981,25to50
3274,25to50
921,15to25
2782,25to50
3382,10to15
2906,15to25
4421,15to25
3133,25to50
3049,15to25
2046,0to3
1988,15to25
2809,15to25
891,25to50
4588,15to25
4901,15to25
2255,10to15
3129,25to50
1305,25to50
1969,25to50
1788,25to50
1153,15to25
1002,25to50
4050,15to25
4817,15to25
3519,15to25
3988,25to50
512,15to25
2197,25to50
2561,25to50
2312,15to25
4136,15to25
2919,25to50
3542,15to25
911,25to50
410,15to25
1969,15to25
3429,15to25
975,15to25
1305,25to50
1720,25to50
2681,25to50
4329,10to15
3319,25to50
4385,10to15
1730,15to25
1730,25to50
878,15to25
190,15to25
3525,15to25
4613,10to15
25,15to25
565,15to25
864,15to25
816,25to50
1824,15to25
3435,0to3
2766,15to25
1547,15to25
4203,25to50
1467,25to50
807,10to15
2954,15to25
2361,15to25
190,15to25
3922,15to25
1217,15to25
1969,25to50
3692,15to25
4385,15to25
1931,15to25
1657,25to50
2058,25to50
3838,15to25
4408,25to50
4496,15to25
1637,15to25
1847,25to50
4809,15to25
884,15to25
201,0to3
105,15to25
2056,15to25
910,25to50
817,15to25
4050,15to25
974,15to25
3319,25to50
1730,25to50
190,15to25
597,15to25
2790,25to50
4409,10to15
3125,25to50
1969,25to50
2573,15to25
3690,15to25
993,25to50
3004,15to25
4389,15to25
4030,10to15
4945,15to25
4716,15to25
1969,15to25
113,25to50
2188,15to25
1078,10to15
2956,25to50
3532,0to3
3656,10to15
4172,15to25
3424,25to50
910,15to25
3908,0to3
1462,15to25
1303,15to25
4893,0to3
4298,25to50
2917,15to25
190,15to25
4377,25to50
505,10to15
2078,25to50
4588,15to25
2036,15to25
190,25to50
4248,25to50
1882,25to50
4142,25to50
190,25to50
2449,15to25
3319,10to15
1632,10to15
4893,15to25
3113,25to50
3383,15to25
874,15to25
2417,15to25
1596,15to25
315,25to50
3017,25to50
3279,15to25
2922,10to15
4451,15to25
1969,15to25
4182,25to50
4070,25to50
463,15to25
437,15to25
749,15to25
2777,25to50
902,25to50
134,10to15
1217,15to25
3998,15to25
4180,25to50
3770,25to50
1969,15to25
1305,25to50
1250,25to50
258,25to50
3643,15to25
1839,15to25
1536,15to25
1301,25to50
875,0to3
1969,15to25
2033,25to50
434,25to50
4852,0to3
910,15to25
1170,15to25
4400,15to25
622,15to25
4189,15to25
1895,25to50
540,15to25
2777,25to50
2970,15to25
3203,15to25
1761,15to25
1173,25to50
4159,25to50
4408,25to50
1730,15to25
3573,25to50
671,15to25
4649,15to25
4577,25to50
794,15to25
3612,15to25
3719,0to3
2199,0to3
3675,15to25
4904,25to50
2993,25to50
2906,15to25
118,25to50
4963,25to50
3319,15to25
776,25to50
4049,15to25
1408,25to50
939,10to15
2563,15to25
2177,25to50
1305,15to25
3739,15to25
848,25to50
2773,15to25
3319,15to25
2864,15to25
3771,15to25
2474,15to25
1884,25to50
190,25to50
1970,25to50
116,15to25
3810,15to25
1548,15to25
1559,15to25
447,15to25
191,15to25
1174,25to50
3378,15to25
2578,15to25
40,10to15
20,25to50
1973,15to25
350,15to25
1173,15to25
1521,15to25
1993,15to25
2790,25to50
3479,10to15
2914,15to25
3001,10to15
1518,25to50
852,10to15
3847,10to15
4358,10to15
767,15to25
2199,25to50
112,10to15
1989,25to50
257,25to50
1305,15to25
4333,25to50
1988,15to25
4281,0to3
3978,15to25
1171,25to50
1624,15to25
1002,25to50
3221,15to25
3998,10to15
3931,15to25
313,15to25
841,15to25
4541,10to15
1178,25to50
4301,25to50
1969,15to25
1984,15to25
2979,25to50
351,15to25
412,15to25
2166,0to3
1970,25to50
1404,15to25
4822,15to25
767,25to50
4630,15to25
2646,15to25
837,25to50
190,15to25
2773,15to25
2914,15to25
734,25to50
4018,15to25
1037,25to50
4627,15to25
1173,15to25
3565,15to25
313,25to50
4298,25to50
4061,25to50
5007,15to25
3616,15to25
190,15to25
4101,15to25
5014,25to50
3114,25to50
770,15to25
1054,15to25
1259,15to25
1713,15to25
190,15to25
4457,15to25
2292,15to25
3252,15to25
1828,25to50
3340,10to15
2809,25to50
2337,15to25
1988,15to25
965,15to25
4893,15to25
3331,25to50
3028,15to25
783,25to50
2457,25to50
773,15to25
812,0to3
2922,10to15
4893,25to50
3206,15to25
1165,15to25
190,15to25
173,25to50
4272,15to25
1054,15to25
975,25to50
577,15to25
3458,15to25
3323,25to50
2677,25to50
0,25to50
433,15to25
625,15to25
4893,25to50
762,15to25
1104,15to25
2899,10to15
669,25to50
1693,10to15
1127,0to3
4513,15to25
1988,15to25
911,25to50
2033,10to15
2145,25to50
1547,15to25
3275,10to15
2021,15to25
190,15to25
3594,25to50
909,10to15
2388,15to25
4968,15to25
4347,15to25
2094,0to3
1469,15to25
3744,25to50
1989,15to25
3772,25to50
3119,15to25
1410,15to25
993,15to25
4875,25to50
4298,10to15
3847,25to50
4779,15to25
2687,15to25
3931,15to25
3319,15to25
3187,15to25
2394,15to25
953,0to3
1054,25to50
4166,15to25
4030,15to25
837,25to50
2949,25to50
4455,25to50
4298,25to50
190,25to50
3782,15to25
339,15to25
1547,15to25
3931,15to25
1732,25to50
446,15to25
4207,15to25
4480,15to25
453,15to25
1682,15to25
3362,15to25
4971,15to25
1476,15to25
4645,15to25
3319,10to15
3612,25to50
2330,15to25
2906,25to50
16,10to15
1969,15to25
1040,25to50
4359,25to50
2166,15to25
2255,15to25
867,15to25
713,25to50
4966,0to3
1002,25to50
1022,10to15
4194,25to50
3569,25to50
2606,25to50
1305,15to25
3109,15to25
3910,15to25
2224,25to50
3934,15to25
2799,15to25
4604,15to25
878,15to25
4684,15to25
3956,15to25
2677,25to50
4184,25to50
4339,15to25
3382,25to50
4298,15to25
3788,15to25
2319,25to50
3524,25to50
4048,25to50
4496,10to15
4272,10to15
686,15to25
1300,15to25
1988,15to25
3319,15to25
2417,15to25
22,15to25
1587,15to25
320,15to25
1526,15to25
2200,15to25
3310,15to25
4799,15to25
921,25to50
4272,25to50
675,25to50
1075,25to50
3232,10to15
194,10to15
191,25to50
4905,10to15
3263,15to25
970,10to15
4186,25to50
4565,15to25
844,25to50
4120,15to25
1988,25to50
3937,15to25
1432,15to25
3170,25to50
710,15to25
1970,25to50
3319,15to25
2015,15to25
3319,10to15
4880,15to25
2761,15to25
916,15to25
1909,15to25
1969,15to25
2324,15to25
1031,25to50
3697,15to25
603,25to50
3408,10to15
2375,25to50
190,15to25
3492,15to25
910,10to15
1117,15to25
911,10to15
320,15to25
2199,15to25
2162,15to25
4795,25to50
1012,15to25
4578,0to3
2885,15to25
911,25to50
436,15to25
1817,0to3
1969,25to50
1063,25to50
1893,25to50
4272,25to50
95,0to3
3536,15to25
4132,10to15
1970,15to25
884,25to50
3319,15to25
4396,10to15
395,25to50
3931,25to50
4220,15to25
1432,15to25
1969,15to25
4876,25to50
1174,25to50
4055,15to25
4625,25to50
1970,0to3
1014,25to50
498,25to50
914,10to15
1305,25to50
4055,25to50
4038,0to3
1571,15to25
1732,25to50
682,25to50
190,15to25
1631,0to3
1002,25to50
191,10to15
1355,10to15
314,15to25
141,10to15
1098,10to15
